year,num
-1700,0
-1699,0
-1698,0
-1697,0
-1696,0
-1695,0
-1694,0
-1693,0
-1692,0
-1691,0
-1690,0
-1689,0
-1688,0
-1687,0
-1686,0
-1685,0
-1684,0
-1683,0
-1682,0
-1681,0
-1680,1
-1679,1
-1678,1
-1677,1
-1676,1
-1675,1
-1674,1
-1673,1
-1672,1
-1671,1
-1670,1
-1669,1
-1668,1
-1667,1
-1666,1
-1665,1
-1664,1
-1663,1
-1662,1
-1661,1
-1660,1
-1659,1
-1658,1
-1657,1
-1656,1
-1655,1
-1654,1
-1653,1
-1652,1
-1651,1
-1650,1
-1649,1
-1648,1
-1647,1
-1646,1
-1645,1
-1644,1
-1643,1
-1642,1
-1641,1
-1640,1
-1639,1
-1638,1
-1637,1
-1636,1
-1635,1
-1634,1
-1633,1
-1632,1
-1631,1
-1630,1
-1629,1
-1628,1
-1627,1
-1626,1
-1625,1
-1624,1
-1623,1
-1622,1
-1621,1
-1620,0
-1619,0
-1618,0
-1617,0
-1616,0
-1615,0
-1614,0
-1613,0
-1612,0
-1611,0
-1610,0
-1609,0
-1608,0
-1607,0
-1606,0
-1605,0
-1604,0
-1603,0
-1602,0
-1601,0
-1600,0
-1599,0
-1598,0
-1597,0
-1596,0
-1595,0
-1594,0
-1593,0
-1592,0
-1591,0
-1590,0
-1589,0
-1588,0
-1587,0
-1586,0
-1585,0
-1584,0
-1583,0
-1582,0
-1581,0
-1580,0
-1579,0
-1578,0
-1577,0
-1576,0
-1575,0
-1574,0
-1573,0
-1572,0
-1571,0
-1570,0
-1569,0
-1568,0
-1567,0
-1566,0
-1565,0
-1564,0
-1563,0
-1562,0
-1561,0
-1560,0
-1559,0
-1558,0
-1557,0
-1556,0
-1555,0
-1554,0
-1553,0
-1552,0
-1551,0
-1550,0
-1549,0
-1548,0
-1547,0
-1546,0
-1545,0
-1544,0
-1543,0
-1542,0
-1541,0
-1540,0
-1539,0
-1538,0
-1537,0
-1536,0
-1535,0
-1534,0
-1533,0
-1532,0
-1531,0
-1530,0
-1529,0
-1528,0
-1527,0
-1526,0
-1525,0
-1524,0
-1523,0
-1522,0
-1521,0
-1520,0
-1519,0
-1518,0
-1517,0
-1516,0
-1515,0
-1514,0
-1513,0
-1512,0
-1511,0
-1510,0
-1509,0
-1508,0
-1507,0
-1506,0
-1505,0
-1504,0
-1503,0
-1502,0
-1501,0
-1500,0
-1499,0
-1498,0
-1497,0
-1496,0
-1495,0
-1494,0
-1493,0
-1492,0
-1491,0
-1490,0
-1489,0
-1488,0
-1487,0
-1486,0
-1485,0
-1484,0
-1483,0
-1482,0
-1481,0
-1480,0
-1479,0
-1478,0
-1477,0
-1476,0
-1475,0
-1474,0
-1473,0
-1472,0
-1471,0
-1470,0
-1469,0
-1468,0
-1467,0
-1466,0
-1465,0
-1464,0
-1463,0
-1462,0
-1461,0
-1460,0
-1459,0
-1458,0
-1457,0
-1456,0
-1455,0
-1454,0
-1453,0
-1452,0
-1451,0
-1450,0
-1449,0
-1448,0
-1447,0
-1446,0
-1445,0
-1444,0
-1443,0
-1442,0
-1441,0
-1440,0
-1439,0
-1438,0
-1437,0
-1436,0
-1435,0
-1434,0
-1433,0
-1432,0
-1431,0
-1430,0
-1429,0
-1428,0
-1427,0
-1426,0
-1425,0
-1424,0
-1423,0
-1422,0
-1421,0
-1420,0
-1419,0
-1418,0
-1417,0
-1416,0
-1415,0
-1414,0
-1413,0
-1412,0
-1411,0
-1410,0
-1409,0
-1408,0
-1407,0
-1406,0
-1405,0
-1404,0
-1403,0
-1402,0
-1401,0
-1400,0
-1399,0
-1398,0
-1397,0
-1396,0
-1395,0
-1394,0
-1393,0
-1392,0
-1391,0
-1390,0
-1389,0
-1388,0
-1387,0
-1386,0
-1385,0
-1384,0
-1383,0
-1382,0
-1381,0
-1380,0
-1379,0
-1378,0
-1377,0
-1376,0
-1375,0
-1374,0
-1373,0
-1372,0
-1371,0
-1370,0
-1369,0
-1368,0
-1367,0
-1366,0
-1365,0
-1364,0
-1363,0
-1362,0
-1361,0
-1360,0
-1359,0
-1358,0
-1357,0
-1356,0
-1355,0
-1354,0
-1353,0
-1352,0
-1351,0
-1350,0
-1349,0
-1348,0
-1347,0
-1346,0
-1345,0
-1344,0
-1343,0
-1342,0
-1341,0
-1340,0
-1339,0
-1338,0
-1337,0
-1336,0
-1335,0
-1334,0
-1333,0
-1332,0
-1331,0
-1330,0
-1329,0
-1328,0
-1327,0
-1326,0
-1325,0
-1324,0
-1323,0
-1322,0
-1321,0
-1320,0
-1319,0
-1318,0
-1317,0
-1316,0
-1315,0
-1314,0
-1313,0
-1312,0
-1311,0
-1310,0
-1309,0
-1308,0
-1307,0
-1306,0
-1305,0
-1304,0
-1303,0
-1302,0
-1301,0
-1300,0
-1299,0
-1298,0
-1297,0
-1296,0
-1295,0
-1294,0
-1293,0
-1292,0
-1291,0
-1290,0
-1289,0
-1288,0
-1287,0
-1286,0
-1285,0
-1284,0
-1283,0
-1282,0
-1281,0
-1280,0
-1279,0
-1278,0
-1277,0
-1276,0
-1275,0
-1274,0
-1273,0
-1272,0
-1271,0
-1270,0
-1269,0
-1268,0
-1267,0
-1266,0
-1265,0
-1264,0
-1263,0
-1262,0
-1261,0
-1260,0
-1259,0
-1258,0
-1257,0
-1256,0
-1255,0
-1254,0
-1253,0
-1252,0
-1251,0
-1250,0
-1249,0
-1248,0
-1247,0
-1246,0
-1245,0
-1244,0
-1243,0
-1242,0
-1241,0
-1240,0
-1239,0
-1238,0
-1237,0
-1236,0
-1235,0
-1234,0
-1233,0
-1232,0
-1231,0
-1230,0
-1229,0
-1228,0
-1227,0
-1226,0
-1225,0
-1224,0
-1223,0
-1222,0
-1221,0
-1220,0
-1219,0
-1218,0
-1217,0
-1216,0
-1215,0
-1214,0
-1213,0
-1212,0
-1211,0
-1210,0
-1209,0
-1208,0
-1207,0
-1206,0
-1205,0
-1204,0
-1203,0
-1202,0
-1201,0
-1200,0
-1199,0
-1198,0
-1197,0
-1196,0
-1195,0
-1194,0
-1193,0
-1192,0
-1191,0
-1190,0
-1189,0
-1188,0
-1187,0
-1186,0
-1185,0
-1184,0
-1183,0
-1182,0
-1181,0
-1180,0
-1179,0
-1178,0
-1177,0
-1176,0
-1175,0
-1174,0
-1173,0
-1172,0
-1171,0
-1170,0
-1169,0
-1168,0
-1167,0
-1166,0
-1165,0
-1164,0
-1163,0
-1162,0
-1161,0
-1160,0
-1159,0
-1158,0
-1157,0
-1156,0
-1155,0
-1154,0
-1153,0
-1152,0
-1151,0
-1150,0
-1149,0
-1148,0
-1147,0
-1146,0
-1145,0
-1144,0
-1143,0
-1142,0
-1141,0
-1140,0
-1139,0
-1138,0
-1137,0
-1136,0
-1135,0
-1134,0
-1133,0
-1132,0
-1131,0
-1130,0
-1129,0
-1128,0
-1127,0
-1126,0
-1125,0
-1124,0
-1123,0
-1122,0
-1121,0
-1120,0
-1119,0
-1118,0
-1117,0
-1116,0
-1115,0
-1114,0
-1113,0
-1112,0
-1111,0
-1110,0
-1109,0
-1108,0
-1107,0
-1106,0
-1105,0
-1104,0
-1103,0
-1102,0
-1101,0
-1100,0
-1099,0
-1098,0
-1097,0
-1096,0
-1095,0
-1094,0
-1093,0
-1092,0
-1091,0
-1090,0
-1089,0
-1088,0
-1087,0
-1086,0
-1085,0
-1084,0
-1083,0
-1082,0
-1081,0
-1080,0
-1079,0
-1078,0
-1077,0
-1076,0
-1075,0
-1074,0
-1073,0
-1072,0
-1071,0
-1070,0
-1069,0
-1068,0
-1067,0
-1066,0
-1065,0
-1064,0
-1063,0
-1062,0
-1061,0
-1060,0
-1059,0
-1058,0
-1057,0
-1056,0
-1055,0
-1054,0
-1053,0
-1052,0
-1051,0
-1050,0
-1049,0
-1048,0
-1047,0
-1046,0
-1045,0
-1044,0
-1043,0
-1042,0
-1041,0
-1040,0
-1039,0
-1038,0
-1037,0
-1036,0
-1035,0
-1034,0
-1033,0
-1032,0
-1031,0
-1030,0
-1029,0
-1028,0
-1027,0
-1026,0
-1025,0
-1024,0
-1023,0
-1022,0
-1021,0
-1020,0
-1019,0
-1018,0
-1017,0
-1016,0
-1015,0
-1014,0
-1013,0
-1012,0
-1011,0
-1010,0
-1009,0
-1008,0
-1007,0
-1006,0
-1005,0
-1004,0
-1003,0
-1002,0
-1001,0
-1000,0
-999,0
-998,0
-997,0
-996,0
-995,0
-994,0
-993,0
-992,0
-991,0
-990,0
-989,0
-988,0
-987,0
-986,0
-985,0
-984,0
-983,0
-982,0
-981,0
-980,0
-979,0
-978,0
-977,0
-976,0
-975,0
-974,0
-973,0
-972,0
-971,0
-970,0
-969,0
-968,0
-967,0
-966,0
-965,0
-964,0
-963,0
-962,0
-961,0
-960,0
-959,0
-958,0
-957,0
-956,0
-955,0
-954,0
-953,0
-952,0
-951,0
-950,0
-949,0
-948,0
-947,0
-946,0
-945,0
-944,0
-943,0
-942,0
-941,0
-940,0
-939,0
-938,0
-937,0
-936,0
-935,0
-934,0
-933,0
-932,0
-931,0
-930,0
-929,0
-928,0
-927,0
-926,0
-925,0
-924,0
-923,0
-922,0
-921,0
-920,0
-919,0
-918,0
-917,0
-916,0
-915,0
-914,0
-913,0
-912,0
-911,0
-910,0
-909,0
-908,0
-907,0
-906,0
-905,0
-904,0
-903,0
-902,0
-901,0
-900,0
-899,0
-898,0
-897,0
-896,0
-895,0
-894,0
-893,0
-892,0
-891,0
-890,0
-889,0
-888,0
-887,0
-886,0
-885,0
-884,0
-883,0
-882,0
-881,0
-880,0
-879,0
-878,0
-877,0
-876,0
-875,0
-874,0
-873,0
-872,0
-871,0
-870,0
-869,0
-868,0
-867,0
-866,0
-865,0
-864,0
-863,0
-862,0
-861,0
-860,0
-859,0
-858,0
-857,0
-856,0
-855,0
-854,0
-853,0
-852,0
-851,0
-850,0
-849,0
-848,0
-847,0
-846,0
-845,0
-844,0
-843,0
-842,0
-841,0
-840,0
-839,0
-838,0
-837,0
-836,0
-835,0
-834,0
-833,0
-832,0
-831,0
-830,0
-829,0
-828,0
-827,0
-826,0
-825,0
-824,0
-823,0
-822,0
-821,0
-820,0
-819,0
-818,0
-817,0
-816,0
-815,0
-814,0
-813,0
-812,0
-811,0
-810,0
-809,0
-808,0
-807,0
-806,0
-805,0
-804,0
-803,0
-802,0
-801,0
-800,0
-799,0
-798,0
-797,0
-796,0
-795,0
-794,0
-793,0
-792,0
-791,0
-790,0
-789,0
-788,0
-787,0
-786,0
-785,0
-784,0
-783,0
-782,0
-781,0
-780,0
-779,0
-778,0
-777,0
-776,0
-775,0
-774,0
-773,0
-772,0
-771,0
-770,0
-769,0
-768,0
-767,0
-766,0
-765,0
-764,0
-763,0
-762,0
-761,0
-760,0
-759,0
-758,0
-757,0
-756,0
-755,0
-754,0
-753,0
-752,0
-751,0
-750,1
-749,1
-748,1
-747,1
-746,1
-745,1
-744,1
-743,1
-742,1
-741,1
-740,1
-739,1
-738,1
-737,1
-736,1
-735,1
-734,1
-733,1
-732,1
-731,1
-730,1
-729,1
-728,1
-727,1
-726,1
-725,1
-724,1
-723,1
-722,1
-721,1
-720,1
-719,1
-718,1
-717,1
-716,1
-715,1
-714,1
-713,1
-712,1
-711,1
-710,1
-709,1
-708,1
-707,1
-706,1
-705,1
-704,1
-703,1
-702,1
-701,1
-700,1
-699,1
-698,1
-697,1
-696,1
-695,1
-694,1
-693,1
-692,1
-691,1
-690,0
-689,0
-688,0
-687,0
-686,0
-685,0
-684,0
-683,0
-682,0
-681,0
-680,0
-679,0
-678,0
-677,0
-676,0
-675,0
-674,0
-673,0
-672,0
-671,0
-670,0
-669,0
-668,0
-667,0
-666,0
-665,0
-664,0
-663,0
-662,0
-661,0
-660,0
-659,0
-658,0
-657,0
-656,0
-655,0
-654,0
-653,0
-652,0
-651,0
-650,0
-649,0
-648,0
-647,0
-646,0
-645,0
-644,0
-643,0
-642,0
-641,0
-640,0
-639,0
-638,0
-637,0
-636,0
-635,0
-634,0
-633,0
-632,0
-631,0
-630,0
-629,0
-628,0
-627,0
-626,0
-625,0
-624,0
-623,1
-622,1
-621,1
-620,1
-619,1
-618,1
-617,1
-616,1
-615,1
-614,1
-613,1
-612,1
-611,1
-610,1
-609,1
-608,1
-607,1
-606,1
-605,1
-604,1
-603,1
-602,1
-601,1
-600,1
-599,1
-598,1
-597,1
-596,1
-595,1
-594,1
-593,1
-592,1
-591,1
-590,1
-589,1
-588,1
-587,1
-586,2
-585,3
-584,3
-583,3
-582,3
-581,3
-580,3
-579,3
-578,3
-577,3
-576,3
-575,3
-574,3
-573,3
-572,3
-571,3
-570,3
-569,3
-568,3
-567,3
-566,3
-565,3
-564,3
-563,3
-562,3
-561,3
-560,3
-559,3
-558,3
-557,3
-556,3
-555,3
-554,3
-553,3
-552,3
-551,3
-550,3
-549,3
-548,3
-547,3
-546,2
-545,2
-544,2
-543,2
-542,2
-541,2
-540,2
-539,2
-538,2
-537,2
-536,2
-535,2
-534,2
-533,2
-532,2
-531,2
-530,2
-529,2
-528,2
-527,2
-526,2
-525,1
-524,1
-523,1
-522,1
-521,1
-520,1
-519,1
-518,1
-517,1
-516,1
-515,1
-514,1
-513,1
-512,1
-511,1
-510,1
-509,1
-508,1
-507,1
-506,1
-505,1
-504,1
-503,1
-502,1
-501,1
-500,1
-499,1
-498,1
-497,1
-496,1
-495,1
-494,1
-493,1
-492,1
-491,1
-490,2
-489,2
-488,2
-487,2
-486,2
-485,2
-484,2
-483,2
-482,2
-481,2
-480,3
-479,4
-478,4
-477,4
-476,4
-475,4
-474,4
-473,4
-472,4
-471,4
-470,6
-469,6
-468,6
-467,6
-466,6
-465,6
-464,6
-463,6
-462,6
-461,6
-460,6
-459,6
-458,6
-457,6
-456,6
-455,6
-454,6
-453,6
-452,6
-451,6
-450,6
-449,6
-448,6
-447,6
-446,6
-445,6
-444,6
-443,7
-442,7
-441,7
-440,7
-439,7
-438,7
-437,7
-436,7
-435,7
-434,7
-433,7
-432,7
-431,7
-430,8
-429,8
-428,8
-427,8
-426,8
-425,7
-424,7
-423,7
-422,7
-421,7
-420,7
-419,7
-418,7
-417,7
-416,7
-415,7
-414,7
-413,7
-412,7
-411,6
-410,6
-409,5
-408,6
-407,6
-406,6
-405,6
-404,6
-403,6
-402,6
-401,6
-400,6
-399,5
-398,5
-397,5
-396,6
-395,6
-394,6
-393,6
-392,6
-391,6
-390,6
-389,6
-388,6
-387,6
-386,6
-385,6
-384,6
-383,7
-382,7
-381,7
-380,8
-379,8
-378,8
-377,8
-376,8
-375,8
-374,8
-373,8
-372,8
-371,8
-370,10
-369,9
-368,9
-367,9
-366,9
-365,9
-364,9
-363,9
-362,9
-361,9
-360,10
-359,10
-358,10
-357,10
-356,10
-355,9
-354,9
-353,9
-352,9
-351,9
-350,10
-349,10
-348,10
-347,9
-346,9
-345,9
-344,9
-343,9
-342,9
-341,9
-340,10
-339,10
-338,10
-337,10
-336,10
-335,10
-334,10
-333,10
-332,10
-331,10
-330,10
-329,10
-328,10
-327,10
-326,10
-325,10
-324,10
-323,10
-322,10
-321,9
-320,7
-319,7
-318,7
-317,7
-316,7
-315,7
-314,6
-313,6
-312,6
-311,6
-310,6
-309,6
-308,6
-307,6
-306,6
-305,6
-304,6
-303,6
-302,6
-301,6
-300,3
-299,3
-298,3
-297,3
-296,3
-295,3
-294,3
-293,3
-292,3
-291,3
-290,1
-289,1
-288,1
-287,2
-286,2
-285,2
-284,3
-283,3
-282,3
-281,4
-280,4
-279,4
-278,3
-277,3
-276,4
-275,4
-274,4
-273,4
-272,4
-271,4
-270,4
-269,4
-268,4
-267,4
-266,4
-265,4
-264,4
-263,4
-262,5
-261,5
-260,5
-259,5
-258,5
-257,5
-256,5
-255,5
-254,5
-253,5
-252,5
-251,5
-250,6
-249,6
-248,6
-247,6
-246,6
-245,6
-244,6
-243,6
-242,6
-241,6
-240,7
-239,7
-238,7
-237,7
-236,7
-235,7
-234,7
-233,7
-232,7
-231,7
-230,7
-229,7
-228,7
-227,7
-226,7
-225,7
-224,7
-223,7
-222,7
-221,6
-220,6
-219,6
-218,6
-217,6
-216,6
-215,6
-214,6
-213,6
-212,5
-211,5
-210,5
-209,5
-208,4
-207,4
-206,4
-205,4
-204,4
-203,4
-202,4
-201,4
-200,5
-199,5
-198,5
-197,5
-196,5
-195,5
-194,4
-193,4
-192,4
-191,4
-190,3
-189,3
-188,3
-187,3
-186,3
-185,3
-184,3
-183,3
-182,3
-181,3
-180,2
-179,2
-178,2
-177,2
-176,2
-175,2
-174,2
-173,2
-172,2
-171,2
-170,2
-169,2
-168,2
-167,2
-166,2
-165,2
-164,2
-163,2
-162,2
-161,2
-160,3
-159,3
-158,3
-157,3
-156,3
-155,3
-154,3
-153,3
-152,3
-151,3
-150,4
-149,4
-148,4
-147,4
-146,4
-145,4
-144,4
-143,4
-142,4
-141,4
-140,3
-139,3
-138,3
-137,3
-136,3
-135,4
-134,4
-133,4
-132,4
-131,4
-130,4
-129,4
-128,4
-127,4
-126,4
-125,4
-124,4
-123,4
-122,4
-121,4
-120,3
-119,3
-118,3
-117,3
-116,3
-115,3
-114,3
-113,3
-112,3
-111,3
-110,3
-109,3
-108,3
-107,3
-106,3
-105,3
-104,3
-103,3
-102,3
-101,3
-100,2
-99,2
-98,2
-97,2
-96,2
-95,2
-94,2
-93,2
-92,2
-91,2
-90,2
-89,2
-88,2
-87,2
-86,2
-85,2
-84,2
-83,2
-82,2
-81,2
-80,2
-79,2
-78,3
-77,3
-76,3
-75,2
-74,2
-73,2
-72,2
-71,2
-70,2
-69,2
-68,2
-67,2
-66,2
-65,2
-64,2
-63,2
-62,2
-61,2
-60,2
-59,2
-58,2
-57,2
-56,2
-55,2
-54,2
-53,2
-52,2
-51,1
-50,1
-49,1
-48,1
-47,1
-46,1
-45,1
-44,1
-43,1
-42,1
-41,1
-40,1
-39,1
-38,1
-37,0
-36,0
-35,0
-34,0
-33,0
-32,0
-31,0
-30,0
-29,0
-28,0
-27,0
-26,0
-25,0
-24,0
-23,0
-22,0
-21,0
-20,0
-19,0
-18,0
-17,0
-16,0
-15,0
-14,0
-13,0
-12,0
-11,0
-10,0
-9,0
-8,0
-7,0
-6,0
-5,0
-4,0
-3,0
-2,0
-1,0
0,1
1,1
2,1
3,1
4,1
5,1
6,1
7,1
8,1
9,1
10,1
11,1
12,1
13,1
14,1
15,1
16,1
17,1
18,1
19,1
20,1
21,1
22,1
23,1
24,1
25,1
26,1
27,1
28,1
29,1
30,1
31,1
32,1
33,1
34,1
35,1
36,0
37,0
38,0
39,0
40,0
41,0
42,0
43,0
44,0
45,0
46,0
47,0
48,0
49,0
50,0
51,0
52,0
53,0
54,0
55,0
56,0
57,0
58,0
59,0
60,1
61,1
62,1
63,1
64,1
65,1
66,1
67,1
68,1
69,1
70,3
71,3
72,3
73,3
74,3
75,3
76,3
77,3
78,4
79,4
80,4
81,4
82,4
83,4
84,4
85,4
86,4
87,4
88,4
89,4
90,4
91,4
92,4
93,4
94,4
95,4
96,4
97,4
98,4
99,4
100,5
101,5
102,5
103,5
104,5
105,5
106,5
107,5
108,5
109,5
110,5
111,5
112,5
113,5
114,5
115,5
116,5
117,5
118,5
119,5
120,4
121,4
122,4
123,4
124,4
125,4
126,4
127,4
128,4
129,4
130,4
131,4
132,4
133,5
134,5
135,4
136,4
137,4
138,4
139,3
140,2
141,2
142,2
143,2
144,2
145,2
146,2
147,2
148,2
149,2
150,2
151,2
152,2
153,2
154,2
155,2
156,2
157,2
158,2
159,2
160,1
161,1
162,1
163,1
164,1
165,1
166,1
167,1
168,1
169,1
170,1
171,1
172,1
173,1
174,1
175,1
176,1
177,1
178,1
179,1
180,1
181,1
182,1
183,1
184,1
185,1
186,1
187,1
188,1
189,1
190,1
191,1
192,0
193,0
194,0
195,0
196,0
197,0
198,0
199,0
200,0
201,0
202,0
203,0
204,0
205,0
206,0
207,0
208,0
209,0
210,0
211,0
212,0
213,0
214,0
215,0
216,0
217,0
218,0
219,0
220,0
221,0
222,0
223,0
224,0
225,1
226,1
227,1
228,2
229,2
230,2
231,2
232,2
233,2
234,2
235,2
236,2
237,2
238,2
239,2
240,3
241,3
242,3
243,3
244,3
245,3
246,3
247,3
248,3
249,3
250,3
251,3
252,3
253,3
254,3
255,3
256,3
257,3
258,3
259,3
260,3
261,3
262,3
263,3
264,3
265,3
266,2
267,2
268,2
269,2
270,2
271,2
272,2
273,2
274,2
275,2
276,2
277,2
278,2
279,2
280,2
281,2
282,2
283,2
284,2
285,2
286,2
287,2
288,2
289,2
290,3
291,3
292,3
293,3
294,3
295,3
296,3
297,3
298,3
299,3
300,3
301,3
302,3
303,3
304,3
305,3
306,3
307,3
308,3
309,3
310,3
311,3
312,3
313,3
314,3
315,3
316,3
317,3
318,3
319,3
320,3
321,3
322,3
323,3
324,3
325,3
326,3
327,3
328,3
329,3
330,3
331,3
332,3
333,3
334,3
335,4
336,4
337,4
338,4
339,4
340,4
341,4
342,4
343,4
344,4
345,4
346,4
347,4
348,4
349,4
350,3
351,3
352,3
353,3
354,3
355,3
356,3
357,3
358,3
359,3
360,1
361,1
362,1
363,1
364,1
365,1
366,1
367,1
368,1
369,1
370,3
371,3
372,3
373,3
374,3
375,3
376,3
377,3
378,3
379,3
380,3
381,3
382,3
383,3
384,3
385,3
386,3
387,3
388,3
389,3
390,3
391,3
392,3
393,3
394,3
395,3
396,3
397,3
398,3
399,3
400,4
401,4
402,4
403,4
404,4
405,3
406,3
407,3
408,3
409,3
410,3
411,3
412,4
413,4
414,4
415,2
416,2
417,2
418,2
419,2
420,2
421,2
422,2
423,2
424,2
425,2
426,2
427,2
428,2
429,3
430,3
431,3
432,3
433,3
434,3
435,3
436,3
437,3
438,3
439,3
440,3
441,3
442,3
443,3
444,3
445,3
446,3
447,3
448,3
449,3
450,3
451,3
452,3
453,3
454,3
455,3
456,3
457,3
458,3
459,3
460,2
461,2
462,2
463,2
464,2
465,2
466,2
467,2
468,2
469,2
470,2
471,2
472,2
473,2
474,3
475,3
476,4
477,4
478,4
479,4
480,6
481,6
482,6
483,6
484,6
485,5
486,5
487,5
488,5
489,5
490,6
491,6
492,6
493,6
494,6
495,6
496,6
497,6
498,6
499,6
500,5
501,5
502,5
503,5
504,5
505,6
506,6
507,6
508,6
509,6
510,6
511,6
512,6
513,6
514,6
515,6
516,6
517,6
518,6
519,6
520,5
521,5
522,5
523,5
524,5
525,4
526,4
527,4
528,4
529,4
530,4
531,4
532,4
533,4
534,3
535,4
536,4
537,4
538,4
539,4
540,4
541,4
542,4
543,4
544,4
545,4
546,4
547,4
548,4
549,4
550,3
551,3
552,3
553,3
554,3
555,3
556,3
557,3
558,3
559,3
560,2
561,2
562,2
563,2
564,2
565,2
566,1
567,1
568,1
569,1
570,1
571,1
572,1
573,1
574,1
575,1
576,1
577,1
578,1
579,1
580,2
581,2
582,2
583,2
584,2
585,2
586,2
587,1
588,1
589,1
590,1
591,1
592,1
593,1
594,1
595,1
596,1
597,1
598,2
599,2
600,2
601,2
602,3
603,3
604,3
605,3
606,3
607,3
608,3
609,3
610,4
611,4
612,4
613,4
614,4
615,4
616,4
617,4
618,4
619,4
620,4
621,4
622,4
623,4
624,4
625,4
626,4
627,4
628,4
629,4
630,4
631,4
632,4
633,4
634,4
635,4
636,4
637,4
638,4
639,4
640,3
641,3
642,3
643,3
644,3
645,3
646,3
647,3
648,3
649,3
650,3
651,3
652,3
653,3
654,3
655,3
656,3
657,3
658,3
659,3
660,3
661,3
662,3
663,3
664,3
665,3
666,3
667,3
668,3
669,3
670,1
671,1
672,1
673,1
674,1
675,1
676,1
677,1
678,1
679,1
680,1
681,1
682,1
683,2
684,2
685,1
686,1
687,1
688,1
689,1
690,1
691,1
692,1
693,1
694,1
695,1
696,1
697,1
698,1
699,1
700,4
701,4
702,4
703,4
704,4
705,4
706,4
707,4
708,4
709,4
710,4
711,4
712,4
713,4
714,4
715,4
716,4
717,4
718,4
719,4
720,5
721,5
722,5
723,5
724,5
725,5
726,5
727,4
728,4
729,4
730,4
731,4
732,4
733,4
734,4
735,4
736,4
737,4
738,4
739,4
740,5
741,5
742,5
743,5
744,5
745,5
746,5
747,5
748,5
749,5
750,5
751,5
752,5
753,5
754,5
755,5
756,5
757,5
758,5
759,5
760,5
761,5
762,5
763,5
764,5
765,5
766,5
767,5
768,5
769,5
770,6
771,6
772,6
773,6
774,6
775,6
776,6
777,6
778,6
779,6
780,6
781,6
782,6
783,6
784,5
785,5
786,6
787,7
788,7
789,7
790,6
791,6
792,7
793,7
794,7
795,7
796,6
797,6
798,6
799,6
800,8
801,9
802,9
803,9
804,9
805,9
806,9
807,9
808,10
809,10
810,10
811,10
812,10
813,10
814,10
815,9
816,9
817,9
818,9
819,9
820,10
821,10
822,10
823,10
824,10
825,10
826,10
827,10
828,10
829,10
830,10
831,10
832,10
833,10
834,10
835,11
836,12
837,12
838,12
839,12
840,12
841,12
842,12
843,12
844,12
845,11
846,11
847,11
848,11
849,11
850,13
851,13
852,13
853,12
854,12
855,12
856,12
857,12
858,13
859,13
860,11
861,11
862,11
863,11
864,11
865,12
866,11
867,11
868,11
869,11
870,12
871,12
872,12
873,11
874,10
875,10
876,10
877,10
878,10
879,10
880,11
881,11
882,11
883,11
884,10
885,10
886,9
887,9
888,9
889,9
890,9
891,9
892,9
893,9
894,9
895,9
896,9
897,9
898,9
899,9
900,9
901,8
902,8
903,8
904,8
905,8
906,8
907,8
908,9
909,9
910,9
911,9
912,8
913,8
914,8
915,8
916,8
917,8
918,8
919,8
920,8
921,8
922,7
923,7
924,7
925,7
926,7
927,7
928,7
929,6
930,5
931,5
932,5
933,5
934,3
935,3
936,3
937,3
938,3
939,3
940,6
941,6
942,6
943,5
944,5
945,5
946,4
947,4
948,4
949,4
950,6
951,7
952,7
953,8
954,8
955,8
956,8
957,8
958,8
959,8
960,9
961,9
962,9
963,9
964,9
965,10
966,10
967,10
968,10
969,10
970,10
971,10
972,10
973,11
974,11
975,11
976,11
977,11
978,11
979,11
980,12
981,12
982,12
983,12
984,12
985,12
986,12
987,12
988,12
989,13
990,13
991,13
992,13
993,13
994,13
995,13
996,13
997,13
998,12
999,12
1000,11
1001,11
1002,11
1003,11
1004,11
1005,11
1006,11
1007,11
1008,11
1009,10
1010,12
1011,12
1012,12
1013,13
1014,13
1015,13
1016,13
1017,13
1018,13
1019,14
1020,15
1021,15
1022,14
1023,14
1024,13
1025,13
1026,13
1027,13
1028,13
1029,13
1030,13
1031,14
1032,14
1033,14
1034,14
1035,14
1036,13
1037,12
1038,12
1039,12
1040,11
1041,11
1042,11
1043,11
1044,11
1045,11
1046,11
1047,11
1048,11
1049,11
1050,10
1051,10
1052,10
1053,10
1054,9
1055,9
1056,9
1057,9
1058,9
1059,9
1060,10
1061,10
1062,10
1063,10
1064,10
1065,10
1066,9
1067,9
1068,9
1069,9
1070,8
1071,8
1072,8
1073,8
1074,8
1075,7
1076,7
1077,7
1078,7
1079,7
1080,8
1081,8
1082,8
1083,8
1084,8
1085,8
1086,8
1087,7
1088,7
1089,8
1090,8
1091,8
1092,8
1093,8
1094,8
1095,7
1096,7
1097,7
1098,8
1099,8
1100,9
1101,9
1102,9
1103,9
1104,9
1105,9
1106,9
1107,9
1108,9
1109,9
1110,11
1111,11
1112,11
1113,11
1114,12
1115,12
1116,12
1117,12
1118,12
1119,12
1120,13
1121,13
1122,13
1123,13
1124,13
1125,13
1126,13
1127,13
1128,13
1129,13
1130,13
1131,11
1132,11
1133,11
1134,11
1135,12
1136,12
1137,12
1138,12
1139,12
1140,12
1141,12
1142,12
1143,12
1144,12
1145,11
1146,11
1147,11
1148,11
1149,11
1150,10
1151,10
1152,9
1153,9
1154,9
1155,9
1156,9
1157,8
1158,8
1159,8
1160,8
1161,8
1162,8
1163,8
1164,8
1165,8
1166,8
1167,8
1168,8
1169,7
1170,7
1171,7
1172,6
1173,6
1174,6
1175,10
1176,10
1177,10
1178,10
1179,10
1180,9
1181,9
1182,9
1183,9
1184,9
1185,8
1186,8
1187,9
1188,9
1189,9
1190,9
1191,9
1192,10
1193,10
1194,10
1195,11
1196,10
1197,10
1198,10
1199,10
1200,11
1201,13
1202,13
1203,14
1204,14
1205,14
1206,13
1207,13
1208,13
1209,13
1210,14
1211,14
1212,14
1213,13
1214,13
1215,13
1216,13
1217,13
1218,13
1219,13
1220,13
1221,13
1222,13
1223,13
1224,13
1225,13
1226,13
1227,13
1228,13
1229,13
1230,14
1231,15
1232,15
1233,15
1234,15
1235,15
1236,15
1237,15
1238,16
1239,16
1240,13
1241,13
1242,13
1243,13
1244,13
1245,13
1246,13
1247,13
1248,13
1249,14
1250,14
1251,14
1252,14
1253,14
1254,14
1255,14
1256,14
1257,14
1258,14
1259,14
1260,13
1261,12
1262,12
1263,12
1264,11
1265,11
1266,11
1267,12
1268,12
1269,12
1270,12
1271,12
1272,12
1273,12
1274,11
1275,10
1276,10
1277,9
1278,9
1279,8
1280,8
1281,8
1282,9
1283,9
1284,9
1285,9
1286,9
1287,9
1288,10
1289,10
1290,10
1291,10
1292,11
1293,11
1294,11
1295,11
1296,10
1297,10
1298,9
1299,9
1300,15
1301,15
1302,15
1303,15
1304,15
1305,15
1306,15
1307,15
1308,15
1309,15
1310,15
1311,15
1312,15
1313,16
1314,15
1315,15
1316,13
1317,13
1318,13
1319,12
1320,14
1321,13
1322,13
1323,13
1324,13
1325,13
1326,13
1327,13
1328,13
1329,13
1330,13
1331,13
1332,13
1333,13
1334,13
1335,13
1336,12
1337,12
1338,12
1339,12
1340,12
1341,12
1342,12
1343,12
1344,11
1345,11
1346,11
1347,11
1348,11
1349,10
1350,10
1351,10
1352,9
1353,9
1354,8
1355,10
1356,10
1357,10
1358,10
1359,11
1360,11
1361,11
1362,11
1363,11
1364,12
1365,12
1366,12
1367,12
1368,13
1369,13
1370,14
1371,14
1372,12
1373,12
1374,11
1375,9
1376,9
1377,8
1378,8
1379,8
1380,10
1381,10
1382,9
1383,9
1384,10
1385,10
1386,10
1387,10
1388,10
1389,10
1390,10
1391,10
1392,10
1393,10
1394,11
1395,12
1396,12
1397,13
1398,13
1399,13
1400,17
1401,18
1402,18
1403,19
1404,19
1405,19
1406,19
1407,19
1408,20
1409,20
1410,20
1411,20
1412,21
1413,21
1414,21
1415,22
1416,21
1417,21
1418,20
1419,20
1420,20
1421,20
1422,21
1423,23
1424,24
1425,23
1426,23
1427,23
1428,23
1429,22
1430,22
1431,22
1432,22
1433,22
1434,22
1435,22
1436,23
1437,22
1438,22
1439,21
1440,21
1441,21
1442,20
1443,20
1444,22
1445,24
1446,24
1447,24
1448,24
1449,23
1450,24
1451,24
1452,25
1453,24
1454,25
1455,25
1456,25
1457,25
1458,25
1459,25
1460,25
1461,24
1462,25
1463,25
1464,24
1465,26
1466,26
1467,26
1468,27
1469,27
1470,28
1471,27
1472,27
1473,27
1474,26
1475,26
1476,25
1477,26
1478,26
1479,27
1480,28
1481,28
1482,28
1483,28
1484,27
1485,27
1486,26
1487,29
1488,28
1489,28
1490,33
1491,33
1492,34
1493,35
1494,38
1495,40
1496,40
1497,38
1498,38
1499,39
1500,45
1501,49
1502,50
1503,52
1504,51
1505,49
1506,49
1507,49
1508,51
1509,52
1510,54
1511,55
1512,56
1513,55
1514,57
1515,56
1516,56
1517,56
1518,57
1519,57
1520,58
1521,58
1522,60
1523,61
1524,61
1525,60
1526,63
1527,64
1528,65
1529,65
1530,66
1531,68
1532,70
1533,73
1534,72
1535,72
1536,72
1537,74
1538,75
1539,75
1540,78
1541,81
1542,81
1543,80
1544,80
1545,79
1546,79
1547,80
1548,81
1549,81
1550,84
1551,85
1552,88
1553,91
1554,92
1555,92
1556,93
1557,93
1558,91
1559,90
1560,91
1561,98
1562,98
1563,99
1564,100
1565,98
1566,98
1567,95
1568,96
1569,99
1570,96
1571,100
1572,101
1573,100
1574,100
1575,97
1576,97
1577,98
1578,100
1579,100
1580,105
1581,106
1582,108
1583,111
1584,113
1585,116
1586,117
1587,118
1588,119
1589,120
1590,121
1591,124
1592,124
1593,122
1594,122
1595,123
1596,129
1597,134
1598,135
1599,135
1600,136
1601,140
1602,145
1603,143
1604,142
1605,145
1606,146
1607,149
1608,151
1609,151
1610,154
1611,155
1612,157
1613,153
1614,153
1615,153
1616,155
1617,154
1618,159
1619,160
1620,159
1621,158
1622,160
1623,166
1624,167
1625,175
1626,173
1627,173
1628,175
1629,174
1630,176
1631,176
1632,170
1633,172
1634,173
1635,173
1636,172
1637,171
1638,170
1639,168
1640,171
1641,170
1642,172
1643,169
1644,169
1645,170
1646,171
1647,167
1648,173
1649,173
1650,172
1651,173
1652,168
1653,170
1654,169
1655,169
1656,166
1657,163
1658,164
1659,165
1660,161
1661,160
1662,158
1663,159
1664,161
1665,159
1666,158
1667,158
1668,157
1669,158
1670,156
1671,157
1672,153
1673,153
1674,154
1675,152
1676,151
1677,149
1678,153
1679,150
1680,151
1681,153
1682,150
1683,149
1684,149
1685,149
1686,148
1687,149
1688,149
1689,147
1690,149
1691,151
1692,153
1693,153
1694,150
1695,147
1696,147
1697,145
1698,151
1699,149
1700,148
1701,156
1702,158
1703,156
1704,159
1705,161
1706,163
1707,168
1708,165
1709,163
1710,168
1711,169
1712,167
1713,167
1714,171
1715,169
1716,165
1717,167
1718,162
1719,163
1720,165
1721,164
1722,163
1723,161
1724,163
1725,164
1726,167
1727,162
1728,166
1729,163
1730,165
1731,169
1732,173
1733,175
1734,181
1735,184
1736,188
1737,187
1738,189
1739,187
1740,190
1741,194
1742,191
1743,194
1744,195
1745,196
1746,198
1747,200
1748,201
1749,200
1750,206
1751,207
1752,207
1753,211
1754,215
1755,218
1756,222
1757,221
1758,217
1759,218
1760,218
1761,215
1762,215
1763,219
1764,217
1765,221
1766,223
1767,222
1768,225
1769,227
1770,226
1771,228
1772,231
1773,238
1774,243
1775,247
1776,255
1777,260
1778,256
1779,253
1780,257
1781,260
1782,257
1783,255
1784,255
1785,253
1786,254
1787,253
1788,257
1789,260
1790,264
1791,268
1792,269
1793,272
1794,274
1795,280
1796,288
1797,292
1798,295
1799,296
1800,290
1801,298
1802,303
1803,309
1804,311
1805,314
1806,323
1807,319
1808,327
1809,334
1810,337
1811,345
1812,348
1813,355
1814,363
1815,365
1816,367
1817,373
1818,376
1819,382
1820,385
1821,394
1822,400
1823,409
1824,413
1825,417
1826,423
1827,431
1828,432
1829,439
1830,449
1831,457
1832,464
1833,465
1834,464
1835,474
1836,476
1837,494
1838,503
1839,512
1840,522
1841,532
1842,543
1843,547
1844,552
1845,561
1846,571
1847,582
1848,594
1849,602
1850,612
1851,624
1852,634
1853,637
1854,653
1855,662
1856,678
1857,690
1858,702
1859,715
1860,727
1861,741
1862,760
1863,778
1864,786
1865,799
1866,805
1867,820
1868,835
1869,851
1870,863
1871,878
1872,885
1873,906
1874,912
1875,932
1876,960
1877,971
1878,985
1879,1002
1880,1018
1881,1035
1882,1062
1883,1072
1884,1093
1885,1112
1886,1133
1887,1148
1888,1181
1889,1198
1890,1217
1891,1237
1892,1255
1893,1276
1894,1298
1895,1315
1896,1329
1897,1330
1898,1353
1899,1373
1900,1396
1901,1426
1902,1466
1903,1494
1904,1533
1905,1577
1906,1634
1907,1677
1908,1727
1909,1757
1910,1796
1911,1850
1912,1903
1913,1931
1914,1963
1915,2010
1916,2042
1917,2083
1918,2120
1919,2164
1920,2202
1921,2242
1922,2266
1923,2323
1924,2389
1925,2420
1926,2478
1927,2519
1928,2543
1929,2561
1930,2603
1931,2618
1932,2639
1933,2646
1934,2640
1935,2641
1936,2647
1937,2664
1938,2672
1939,2677
1940,2669
1941,2653
1942,2648
1943,2630
1944,2609
1945,2589
1946,2581
1947,2571
1948,2566
1949,2555
1950,2542
1951,2535
1952,2520
1953,2505
1954,2484
1955,2468
1956,2443
1957,2428
1958,2411
1959,2396
1960,2374
1961,2348
1962,2329
1963,2310
1964,2284
1965,2256
1966,2230
1967,2210
1968,2188
1969,2167
1970,2135
1971,2112
1972,2088
1973,2060
1974,2031
1975,1990
1976,1964
1977,1927
1978,1896
1979,1856
1980,1816
1981,1790
1982,1754
1983,1724
1984,1685
1985,1646
1986,1614
1987,1575
1988,1534
1989,1496
1990,1455
1991,1418
1992,1370
1993,1329
1994,1287
1995,1232
1996,1184
1997,1147
1998,1094
1999,1043
2000,983
2001,949
2002,887
2003,857
2004,803
2005,740
2006,680
2007,627
2008,553
2009,498
2010,430
2011,361
2012,301
2013,244
2014,178
2015,119
2016,41
